INSERT INTO public.model (model_id,name,category,description,data_type) VALUES
	 ('595dc8e8-0a16-4f02-8c36-18bef0e667de'::uuid,'3-axis 16-bit inclinometer & thermometer','RAW','3 16-bit integer inclination and temperature output value',decode('07070707','hex')),
	 ('054c454e-7cda-496a-8778-82e85b5f912e'::uuid,'SCL3300 YZ-axis inclinometer array','DATA','SCL3300 YZ-axis inclination and displacement, and temperature. X-axis parallel with gravity',decode('0D0D0D0D0D','hex')),
	 ('eb93788f-aa61-421c-916d-f7d6026256de'::uuid,'piezometer raw data','RAW','16-bit integer pressure and depth value',decode('07070707','hex')),
	 ('91b65b70-c421-42fa-8c54-16fc8bbed445'::uuid,'HPT604 piezometer data','DATA','pressure and depth value',decode('0D0D','hex')),
	 ('ed66830d-ce39-4dc9-a8f2-6eac3fef461f'::uuid,'rain gauge raw data','RAW','16-bit integer rain fall value',decode('07070707','hex')),
	 ('6a28ad85-0a32-41b8-acb5-ee92a523ec74'::uuid,'Hondetec rain gauge data','DATA','rain gauge yesterday, daily, last hour, and hourly data',decode('0D0D0D0D','hex')),
	 ('828feb1f-e46b-4242-b67d-20aba7c21282'::uuid,'BME280 environment sensor','DATA','Air temperature, air pressure, and relative humidity of BME280 environment sensor',decode('0D0D0D','hex')),
	 ('cfe2c3d4-a44d-4ad9-8660-3c122e5caf89'::uuid,'INA3321 power monitor','DATA','Time period and 3-channel average voltage and current result of INA3321 sensor',decode('030D0D0D0D0D0D','hex'));
INSERT INTO public.model_config (model_id,"index","name",value,"type",category) VALUES
	 ('054c454e-7cda-496a-8778-82e85b5f912e'::uuid,0,'scale',decode('696E636C696E6174696F6E2D59','hex'),17,'SCALE'),
	 ('054c454e-7cda-496a-8778-82e85b5f912e'::uuid,0,'unit',decode('646567726565','hex'),17,'UNIT'),
	 ('054c454e-7cda-496a-8778-82e85b5f912e'::uuid,0,'symbol',decode('C2B043','hex'),17,'SYMBOL'),
	 ('054c454e-7cda-496a-8778-82e85b5f912e'::uuid,1,'scale',decode('696E636C696E6174696F6E2D5A','hex'),17,'SCALE'),
	 ('054c454e-7cda-496a-8778-82e85b5f912e'::uuid,1,'unit',decode('646567726565','hex'),17,'UNIT'),
	 ('054c454e-7cda-496a-8778-82e85b5f912e'::uuid,1,'symbol',decode('C2B043','hex'),17,'SYMBOL'),
	 ('054c454e-7cda-496a-8778-82e85b5f912e'::uuid,2,'scale',decode('646973706C6163656D656E742D59','hex'),17,'SCALE'),
	 ('054c454e-7cda-496a-8778-82e85b5f912e'::uuid,2,'unit',decode('6D696C6C696D65746572','hex'),17,'UNIT'),
	 ('054c454e-7cda-496a-8778-82e85b5f912e'::uuid,2,'symbol',decode('6D6D','hex'),17,'SYMBOL'),
	 ('054c454e-7cda-496a-8778-82e85b5f912e'::uuid,3,'scale',decode('646973706C6163656D656E742D5A','hex'),17,'SCALE'),
	 ('054c454e-7cda-496a-8778-82e85b5f912e'::uuid,3,'unit',decode('6D696C6C696D65746572','hex'),17,'UNIT'),
	 ('054c454e-7cda-496a-8778-82e85b5f912e'::uuid,3,'symbol',decode('6D6D','hex'),17,'SYMBOL'),
	 ('054c454e-7cda-496a-8778-82e85b5f912e'::uuid,4,'scale',decode('74656D7065726174757265','hex'),17,'SCALE'),
	 ('054c454e-7cda-496a-8778-82e85b5f912e'::uuid,4,'unit',decode('63656C63697573','hex'),17,'UNIT'),
	 ('054c454e-7cda-496a-8778-82e85b5f912e'::uuid,4,'symbol',decode('C2B043','hex'),17,'SYMBOL'),
	 ('91b65b70-c421-42fa-8c54-16fc8bbed445'::uuid,0,'scale',decode('7072657373757265','hex'),17,'SCALE'),
	 ('91b65b70-c421-42fa-8c54-16fc8bbed445'::uuid,0,'unit',decode('70617363616C','hex'),17,'UNIT'),
	 ('91b65b70-c421-42fa-8c54-16fc8bbed445'::uuid,0,'symbol',decode('7061','hex'),17,'SYMBOL'),
	 ('91b65b70-c421-42fa-8c54-16fc8bbed445'::uuid,1,'scale',decode('6465707468','hex'),17,'SCALE'),
	 ('91b65b70-c421-42fa-8c54-16fc8bbed445'::uuid,1,'unit',decode('6D696C6C696D65746572','hex'),17,'UNIT'),
	 ('91b65b70-c421-42fa-8c54-16fc8bbed445'::uuid,1,'symbol',decode('6D6D','hex'),17,'SYMBOL'),
	 ('6a28ad85-0a32-41b8-acb5-ee92a523ec74'::uuid,0,'scale',decode('7261696E20796573746572646179','hex'),17,'SCALE'),
	 ('6a28ad85-0a32-41b8-acb5-ee92a523ec74'::uuid,0,'unit',decode('6D696C6C696D65746572','hex'),17,'UNIT'),
	 ('6a28ad85-0a32-41b8-acb5-ee92a523ec74'::uuid,0,'symbol',decode('6D6D','hex'),17,'SYMBOL'),
	 ('6a28ad85-0a32-41b8-acb5-ee92a523ec74'::uuid,1,'scale',decode('7261696E206461696C79','hex'),17,'SCALE'),
	 ('6a28ad85-0a32-41b8-acb5-ee92a523ec74'::uuid,1,'unit',decode('6D696C6C696D65746572','hex'),17,'UNIT'),
	 ('6a28ad85-0a32-41b8-acb5-ee92a523ec74'::uuid,1,'symbol',decode('6D6D','hex'),17,'SYMBOL'),
	 ('6a28ad85-0a32-41b8-acb5-ee92a523ec74'::uuid,2,'scale',decode('7261696E206C61737420686F7572','hex'),17,'SCALE'),
	 ('6a28ad85-0a32-41b8-acb5-ee92a523ec74'::uuid,2,'unit',decode('6D696C6C696D65746572','hex'),17,'UNIT'),
	 ('6a28ad85-0a32-41b8-acb5-ee92a523ec74'::uuid,2,'symbol',decode('6D6D','hex'),17,'SYMBOL'),
	 ('6a28ad85-0a32-41b8-acb5-ee92a523ec74'::uuid,3,'scale',decode('7261696E20686F75726C79','hex'),17,'SCALE'),
	 ('6a28ad85-0a32-41b8-acb5-ee92a523ec74'::uuid,3,'unit',decode('6D696C6C696D65746572','hex'),17,'UNIT'),
	 ('6a28ad85-0a32-41b8-acb5-ee92a523ec74'::uuid,3,'symbol',decode('6D6D','hex'),17,'SYMBOL'),
	 ('828feb1f-e46b-4242-b67d-20aba7c21282'::uuid,0,'scale',decode('4169722054656D7065726174757265','hex'),17,'SCALE'),
	 ('828feb1f-e46b-4242-b67d-20aba7c21282'::uuid,0,'unit',decode('43656C63697573','hex'),17,'UNIT'),
	 ('828feb1f-e46b-4242-b67d-20aba7c21282'::uuid,0,'symbol',decode('C2B043','hex'),17,'SYMBOL'),
	 ('828feb1f-e46b-4242-b67d-20aba7c21282'::uuid,1,'scale',decode('52656C61746976652048756D6964697479','hex'),17,'SCALE'),
	 ('828feb1f-e46b-4242-b67d-20aba7c21282'::uuid,1,'unit',decode('50657263656E74','hex'),17,'UNIT'),
	 ('828feb1f-e46b-4242-b67d-20aba7c21282'::uuid,1,'symbol',decode('25','hex'),17,'SYMBOL'),
	 ('828feb1f-e46b-4242-b67d-20aba7c21282'::uuid,2,'scale',decode('416972205072657373757265','hex'),17,'SCALE'),
	 ('828feb1f-e46b-4242-b67d-20aba7c21282'::uuid,2,'unit',decode('686563746F2070617363616C','hex'),17,'UNIT'),
	 ('828feb1f-e46b-4242-b67d-20aba7c21282'::uuid,2,'symbol',decode('685061','hex'),17,'SYMBOL'),
	 ('cfe2c3d4-a44d-4ad9-8660-3c122e5caf89'::uuid,0,'scale',decode('506572696F64','hex'),17,'SCALE'),
	 ('cfe2c3d4-a44d-4ad9-8660-3c122e5caf89'::uuid,0,'unit',decode('7365636F6E64','hex'),17,'UNIT'),
	 ('cfe2c3d4-a44d-4ad9-8660-3c122e5caf89'::uuid,0,'symbol',decode('73','hex'),17,'SYMBOL'),
	 ('cfe2c3d4-a44d-4ad9-8660-3c122e5caf89'::uuid,1,'scale',decode('566F6C746167652D31','hex'),17,'SCALE'),
	 ('cfe2c3d4-a44d-4ad9-8660-3c122e5caf89'::uuid,1,'unit',decode('566F6C74','hex'),17,'UNIT'),
	 ('cfe2c3d4-a44d-4ad9-8660-3c122e5caf89'::uuid,1,'symbol',decode('56','hex'),17,'SYMBOL'),
	 ('cfe2c3d4-a44d-4ad9-8660-3c122e5caf89'::uuid,2,'scale',decode('43757272656e742d31','hex'),17,'SCALE'),
	 ('cfe2c3d4-a44d-4ad9-8660-3c122e5caf89'::uuid,2,'unit',decode('416D70657265','hex'),17,'UNIT'),
	 ('cfe2c3d4-a44d-4ad9-8660-3c122e5caf89'::uuid,2,'symbol',decode('41','hex'),17,'SYMBOL'),
	 ('cfe2c3d4-a44d-4ad9-8660-3c122e5caf89'::uuid,3,'scale',decode('566F6C746167652D32','hex'),17,'SCALE'),
	 ('cfe2c3d4-a44d-4ad9-8660-3c122e5caf89'::uuid,3,'unit',decode('566F6C74','hex'),17,'UNIT'),
	 ('cfe2c3d4-a44d-4ad9-8660-3c122e5caf89'::uuid,3,'symbol',decode('56','hex'),17,'SYMBOL'),
	 ('cfe2c3d4-a44d-4ad9-8660-3c122e5caf89'::uuid,4,'scale',decode('43757272656e742d32','hex'),17,'SCALE'),
	 ('cfe2c3d4-a44d-4ad9-8660-3c122e5caf89'::uuid,4,'unit',decode('416D70657265','hex'),17,'UNIT'),
	 ('cfe2c3d4-a44d-4ad9-8660-3c122e5caf89'::uuid,4,'symbol',decode('41','hex'),17,'SYMBOL'),
	 ('cfe2c3d4-a44d-4ad9-8660-3c122e5caf89'::uuid,5,'scale',decode('566F6C746167652D33','hex'),17,'SCALE'),
	 ('cfe2c3d4-a44d-4ad9-8660-3c122e5caf89'::uuid,5,'unit',decode('566F6C74','hex'),17,'UNIT'),
	 ('cfe2c3d4-a44d-4ad9-8660-3c122e5caf89'::uuid,5,'symbol',decode('56','hex'),17,'SYMBOL'),
	 ('cfe2c3d4-a44d-4ad9-8660-3c122e5caf89'::uuid,6,'scale',decode('43757272656e742d33','hex'),17,'SCALE'),
	 ('cfe2c3d4-a44d-4ad9-8660-3c122e5caf89'::uuid,6,'unit',decode('416D70657265','hex'),17,'UNIT'),
	 ('cfe2c3d4-a44d-4ad9-8660-3c122e5caf89'::uuid,6,'symbol',decode('41','hex'),17,'SYMBOL');
INSERT INTO public.device_type (type_id,"name",description) VALUES
	 ('e0902405-9a96-497a-8fab-2deb007d8a0f'::uuid,'gateway blank','gateway with no model'),
	 ('a2a8496f-3e35-495c-8631-ef85b1a0fc7e'::uuid,'SCL3300 inclinometer array','SCL3300 3-axis inclinometer array'),
	 ('3b48c722-766a-4cc4-8fe9-cf7d8a3cff69'::uuid,'HPT604 piezometer','HPT604 piezometer with fluid pressure and depth output'),
	 ('24709a09-0cf3-47e4-9080-efa7cd2860be'::uuid,'Hondetec rain gauge','Hondetec tipping bucket rain gauge with daily and hourly rain fall output'),
	 ('0647b5e6-cc72-42b3-90f5-0824ff608fa5'::uuid,'BME280 environment sensor','BME280 environment sensor with air temperature, air pressure, and relative humidity data'),
	 ('601bda88-9279-4ba5-a6ea-6222fb92ce6a'::uuid,'INA3321 power monitor','Time period and 3-channel average voltage and current result of INA3321 sensor');
INSERT INTO public.device_type_model (type_id,model_id) VALUES
	 ('a2a8496f-3e35-495c-8631-ef85b1a0fc7e'::uuid,'595dc8e8-0a16-4f02-8c36-18bef0e667de'::uuid),
	 ('a2a8496f-3e35-495c-8631-ef85b1a0fc7e'::uuid,'054c454e-7cda-496a-8778-82e85b5f912e'::uuid),
	 ('3b48c722-766a-4cc4-8fe9-cf7d8a3cff69'::uuid,'eb93788f-aa61-421c-916d-f7d6026256de'::uuid),
	 ('3b48c722-766a-4cc4-8fe9-cf7d8a3cff69'::uuid,'91b65b70-c421-42fa-8c54-16fc8bbed445'::uuid),
	 ('24709a09-0cf3-47e4-9080-efa7cd2860be'::uuid,'ed66830d-ce39-4dc9-a8f2-6eac3fef461f'::uuid),
	 ('24709a09-0cf3-47e4-9080-efa7cd2860be'::uuid,'6a28ad85-0a32-41b8-acb5-ee92a523ec74'::uuid),
	 ('0647b5e6-cc72-42b3-90f5-0824ff608fa5'::uuid,'828feb1f-e46b-4242-b67d-20aba7c21282'::uuid),
	 ('601bda88-9279-4ba5-a6ea-6222fb92ce6a'::uuid,'cfe2c3d4-a44d-4ad9-8660-3c122e5caf89'::uuid);
