INSERT INTO public.set_template (template_id,"name",description) VALUES
	 ('4dbf56b6-86cd-427f-b024-5b694379af77'::uuid,'Inclinometer array 4','4 nodes XY inclinometer array'),
	 ('5d13cf97-8c8c-49b6-b203-31148c93c1cd'::uuid,'Inclinometer array 5','5 nodes XY inclinometer array'),
	 ('688d8f17-09d2-48be-b844-36ec08e011f4'::uuid,'Inclinometer array 6','6 nodes XY inclinometer array');
INSERT INTO public.set_template_map (template_id,type_id,model_id,data_index,template_index) VALUES
	 ('4dbf56b6-86cd-427f-b024-5b694379af77'::uuid,'eea82bb2-d427-4081-890d-c7c4795fd6f7'::uuid,'9d93adb9-4a93-4e26-998c-26349d9932a8'::uuid,decode('03040506','hex'),0),
	 ('4dbf56b6-86cd-427f-b024-5b694379af77'::uuid,'eea82bb2-d427-4081-890d-c7c4795fd6f7'::uuid,'9d93adb9-4a93-4e26-998c-26349d9932a8'::uuid,decode('03040506','hex'),1),
	 ('4dbf56b6-86cd-427f-b024-5b694379af77'::uuid,'eea82bb2-d427-4081-890d-c7c4795fd6f7'::uuid,'9d93adb9-4a93-4e26-998c-26349d9932a8'::uuid,decode('03040506','hex'),2),
	 ('4dbf56b6-86cd-427f-b024-5b694379af77'::uuid,'eea82bb2-d427-4081-890d-c7c4795fd6f7'::uuid,'9d93adb9-4a93-4e26-998c-26349d9932a8'::uuid,decode('03040506','hex'),3),
	 ('5d13cf97-8c8c-49b6-b203-31148c93c1cd'::uuid,'eea82bb2-d427-4081-890d-c7c4795fd6f7'::uuid,'9d93adb9-4a93-4e26-998c-26349d9932a8'::uuid,decode('03040506','hex'),0),
	 ('5d13cf97-8c8c-49b6-b203-31148c93c1cd'::uuid,'eea82bb2-d427-4081-890d-c7c4795fd6f7'::uuid,'9d93adb9-4a93-4e26-998c-26349d9932a8'::uuid,decode('03040506','hex'),1),
	 ('5d13cf97-8c8c-49b6-b203-31148c93c1cd'::uuid,'eea82bb2-d427-4081-890d-c7c4795fd6f7'::uuid,'9d93adb9-4a93-4e26-998c-26349d9932a8'::uuid,decode('03040506','hex'),2),
	 ('5d13cf97-8c8c-49b6-b203-31148c93c1cd'::uuid,'eea82bb2-d427-4081-890d-c7c4795fd6f7'::uuid,'9d93adb9-4a93-4e26-998c-26349d9932a8'::uuid,decode('03040506','hex'),3),
	 ('5d13cf97-8c8c-49b6-b203-31148c93c1cd'::uuid,'eea82bb2-d427-4081-890d-c7c4795fd6f7'::uuid,'9d93adb9-4a93-4e26-998c-26349d9932a8'::uuid,decode('03040506','hex'),4),
	 ('688d8f17-09d2-48be-b844-36ec08e011f4'::uuid,'eea82bb2-d427-4081-890d-c7c4795fd6f7'::uuid,'9d93adb9-4a93-4e26-998c-26349d9932a8'::uuid,decode('03040506','hex'),0),
	 ('688d8f17-09d2-48be-b844-36ec08e011f4'::uuid,'eea82bb2-d427-4081-890d-c7c4795fd6f7'::uuid,'9d93adb9-4a93-4e26-998c-26349d9932a8'::uuid,decode('03040506','hex'),1),
	 ('688d8f17-09d2-48be-b844-36ec08e011f4'::uuid,'eea82bb2-d427-4081-890d-c7c4795fd6f7'::uuid,'9d93adb9-4a93-4e26-998c-26349d9932a8'::uuid,decode('03040506','hex'),2),
	 ('688d8f17-09d2-48be-b844-36ec08e011f4'::uuid,'eea82bb2-d427-4081-890d-c7c4795fd6f7'::uuid,'9d93adb9-4a93-4e26-998c-26349d9932a8'::uuid,decode('03040506','hex'),3),
	 ('688d8f17-09d2-48be-b844-36ec08e011f4'::uuid,'eea82bb2-d427-4081-890d-c7c4795fd6f7'::uuid,'9d93adb9-4a93-4e26-998c-26349d9932a8'::uuid,decode('03040506','hex'),4),
	 ('688d8f17-09d2-48be-b844-36ec08e011f4'::uuid,'eea82bb2-d427-4081-890d-c7c4795fd6f7'::uuid,'9d93adb9-4a93-4e26-998c-26349d9932a8'::uuid,decode('03040506','hex'),5);
INSERT INTO public."set" (set_id,template_id,"name",description) VALUES
	 ('0e3a8431-2b54-40e2-b2db-14df30bda37c'::uuid,'5d13cf97-8c8c-49b6-b203-31148c93c1cd'::uuid,'Inclinometer array testing','Inclinometer array for testing'),
	 ('150313b3-f8cb-4cbf-9704-15d2b9b14ea8'::uuid,'4dbf56b6-86cd-427f-b024-5b694379af77'::uuid,'Inclinometer array 1','Inclinometer array 1'),
	 ('2e34f1de-16fa-4ea3-aff2-2cd4ddcfd3b0'::uuid,'688d8f17-09d2-48be-b844-36ec08e011f4'::uuid,'Inclinometer array 2','Inclinometer array 2'),
	 ('368596e1-6250-4366-8cc0-e509e4ea88a6'::uuid,'688d8f17-09d2-48be-b844-36ec08e011f4'::uuid,'Inclinometer array 3','Inclinometer array 3'),
	 ('46fff774-e96f-4f3c-88ae-44da8b50d60e'::uuid,'688d8f17-09d2-48be-b844-36ec08e011f4'::uuid,'Inclinometer array 4','Inclinometer array 4'),
	 ('55e38359-61a6-413b-a839-731d8a567879'::uuid,'4dbf56b6-86cd-427f-b024-5b694379af77'::uuid,'Inclinometer array 5','Inclinometer array 5'),
	 ('63fb44b6-4fca-4054-b5d5-fbcafcfe3a97'::uuid,'688d8f17-09d2-48be-b844-36ec08e011f4'::uuid,'Inclinometer array 6','Inclinometer array 6'),
	 ('76786be7-dd6f-41f6-8d19-3fd705360df2'::uuid,'688d8f17-09d2-48be-b844-36ec08e011f4'::uuid,'Inclinometer array 7','Inclinometer array 7'),
	 ('809b5403-eedc-4c0a-b618-b35cf51a8ad3'::uuid,'688d8f17-09d2-48be-b844-36ec08e011f4'::uuid,'Inclinometer array 8','Inclinometer array 8'),
	 ('9c97a1fe-92be-4743-81a6-cbd7f4fa7e19'::uuid,'688d8f17-09d2-48be-b844-36ec08e011f4'::uuid,'Inclinometer array 9','Inclinometer array 9');
INSERT INTO public.set_map (set_id,device_id,model_id,data_index,set_position,set_number) VALUES
	 ('0e3a8431-2b54-40e2-b2db-14df30bda37c'::uuid,'5e7c4ea6-b6f3-4198-ae14-9888bf437cf1'::uuid,'9d93adb9-4a93-4e26-998c-26349d9932a8'::uuid,decode('03040506','hex'),0,20),
	 ('0e3a8431-2b54-40e2-b2db-14df30bda37c'::uuid,'b76a8ef4-52cf-4c18-9d6b-abcff383d822'::uuid,'9d93adb9-4a93-4e26-998c-26349d9932a8'::uuid,decode('03040506','hex'),4,20),
	 ('0e3a8431-2b54-40e2-b2db-14df30bda37c'::uuid,'45cb6c63-d895-4382-bc62-ad113ae0dd24'::uuid,'9d93adb9-4a93-4e26-998c-26349d9932a8'::uuid,decode('03040506','hex'),8,20),
	 ('0e3a8431-2b54-40e2-b2db-14df30bda37c'::uuid,'4dd2c477-b2f3-4565-8403-29093127b202'::uuid,'9d93adb9-4a93-4e26-998c-26349d9932a8'::uuid,decode('03040506','hex'),12,20),
	 ('0e3a8431-2b54-40e2-b2db-14df30bda37c'::uuid,'3676235b-195d-4c63-bfc4-f9abb1590d77'::uuid,'9d93adb9-4a93-4e26-998c-26349d9932a8'::uuid,decode('03040506','hex'),16,20),
	 ('150313b3-f8cb-4cbf-9704-15d2b9b14ea8'::uuid,'1ad0d94e-3f7c-4654-9726-6dee7b0f028a'::uuid,'9d93adb9-4a93-4e26-998c-26349d9932a8'::uuid,decode('03040506','hex'),0,16),
	 ('150313b3-f8cb-4cbf-9704-15d2b9b14ea8'::uuid,'2a6d1c6d-1b45-4aa4-a49a-d9ab05f0e7b1'::uuid,'9d93adb9-4a93-4e26-998c-26349d9932a8'::uuid,decode('03040506','hex'),4,16),
	 ('150313b3-f8cb-4cbf-9704-15d2b9b14ea8'::uuid,'3df12064-4a58-4eab-a183-f8e7542c5caf'::uuid,'9d93adb9-4a93-4e26-998c-26349d9932a8'::uuid,decode('03040506','hex'),8,16),
	 ('150313b3-f8cb-4cbf-9704-15d2b9b14ea8'::uuid,'416563fc-10a2-4d8d-89ec-5ad3437053c3'::uuid,'9d93adb9-4a93-4e26-998c-26349d9932a8'::uuid,decode('03040506','hex'),12,16),
	 ('2e34f1de-16fa-4ea3-aff2-2cd4ddcfd3b0'::uuid,'166cf1aa-e859-477f-955b-89d8aca1fd49'::uuid,'9d93adb9-4a93-4e26-998c-26349d9932a8'::uuid,decode('03040506','hex'),0,24),
	 ('2e34f1de-16fa-4ea3-aff2-2cd4ddcfd3b0'::uuid,'26f488fc-57c9-4943-82ff-79804fd76b37'::uuid,'9d93adb9-4a93-4e26-998c-26349d9932a8'::uuid,decode('03040506','hex'),4,24),
	 ('2e34f1de-16fa-4ea3-aff2-2cd4ddcfd3b0'::uuid,'3bd60e22-c75e-47c8-ae16-11ba90451b0a'::uuid,'9d93adb9-4a93-4e26-998c-26349d9932a8'::uuid,decode('03040506','hex'),8,24),
	 ('2e34f1de-16fa-4ea3-aff2-2cd4ddcfd3b0'::uuid,'4398b960-1a40-4853-a19d-3bb20b528ca9'::uuid,'9d93adb9-4a93-4e26-998c-26349d9932a8'::uuid,decode('03040506','hex'),12,24),
	 ('2e34f1de-16fa-4ea3-aff2-2cd4ddcfd3b0'::uuid,'53cf9a5f-70a6-4329-b97d-85b4880fdae5'::uuid,'9d93adb9-4a93-4e26-998c-26349d9932a8'::uuid,decode('03040506','hex'),16,24),
	 ('2e34f1de-16fa-4ea3-aff2-2cd4ddcfd3b0'::uuid,'667806d9-f170-498d-a7ee-6893c0eae08c'::uuid,'9d93adb9-4a93-4e26-998c-26349d9932a8'::uuid,decode('03040506','hex'),20,24),
	 ('368596e1-6250-4366-8cc0-e509e4ea88a6'::uuid,'1a4e7486-faf4-440f-b1df-250ac482db2a'::uuid,'9d93adb9-4a93-4e26-998c-26349d9932a8'::uuid,decode('03040506','hex'),0,24),
	 ('368596e1-6250-4366-8cc0-e509e4ea88a6'::uuid,'256b725a-0045-43ac-a6fa-59e33f120375'::uuid,'9d93adb9-4a93-4e26-998c-26349d9932a8'::uuid,decode('03040506','hex'),4,24),
	 ('368596e1-6250-4366-8cc0-e509e4ea88a6'::uuid,'35e48db6-626c-47fd-86d9-e9806ae09a33'::uuid,'9d93adb9-4a93-4e26-998c-26349d9932a8'::uuid,decode('03040506','hex'),8,24),
	 ('368596e1-6250-4366-8cc0-e509e4ea88a6'::uuid,'45a155d5-36ef-4125-976c-bcd389d7fa7e'::uuid,'9d93adb9-4a93-4e26-998c-26349d9932a8'::uuid,decode('03040506','hex'),12,24),
	 ('368596e1-6250-4366-8cc0-e509e4ea88a6'::uuid,'5aab334f-2d86-4217-9674-b300c9a797db'::uuid,'9d93adb9-4a93-4e26-998c-26349d9932a8'::uuid,decode('03040506','hex'),16,24),
	 ('368596e1-6250-4366-8cc0-e509e4ea88a6'::uuid,'651fab70-4ea1-4cf7-9dc6-70c828b078ad'::uuid,'9d93adb9-4a93-4e26-998c-26349d9932a8'::uuid,decode('03040506','hex'),20,24),
	 ('46fff774-e96f-4f3c-88ae-44da8b50d60e'::uuid,'1ba11faf-aad8-4afa-ac82-59d92f81ae4b'::uuid,'9d93adb9-4a93-4e26-998c-26349d9932a8'::uuid,decode('03040506','hex'),0,24),
	 ('46fff774-e96f-4f3c-88ae-44da8b50d60e'::uuid,'2702b922-b5ed-4a59-983f-16b10e56db70'::uuid,'9d93adb9-4a93-4e26-998c-26349d9932a8'::uuid,decode('03040506','hex'),4,24),
	 ('46fff774-e96f-4f3c-88ae-44da8b50d60e'::uuid,'3f836dc5-4c50-4415-b5e0-361060e68633'::uuid,'9d93adb9-4a93-4e26-998c-26349d9932a8'::uuid,decode('03040506','hex'),8,24),
	 ('46fff774-e96f-4f3c-88ae-44da8b50d60e'::uuid,'4e72798c-88e1-44e9-9346-6ed5b02f6a3d'::uuid,'9d93adb9-4a93-4e26-998c-26349d9932a8'::uuid,decode('03040506','hex'),12,24),
	 ('46fff774-e96f-4f3c-88ae-44da8b50d60e'::uuid,'5effadf1-6f7b-43a2-be24-79184ed23350'::uuid,'9d93adb9-4a93-4e26-998c-26349d9932a8'::uuid,decode('03040506','hex'),16,24),
	 ('46fff774-e96f-4f3c-88ae-44da8b50d60e'::uuid,'668b0534-da35-4e40-8b50-f58de2ceffd7'::uuid,'9d93adb9-4a93-4e26-998c-26349d9932a8'::uuid,decode('03040506','hex'),20,24),
	 ('55e38359-61a6-413b-a839-731d8a567879'::uuid,'1f3d1863-4e38-4ee7-913a-e2c51b891372'::uuid,'9d93adb9-4a93-4e26-998c-26349d9932a8'::uuid,decode('03040506','hex'),0,16),
	 ('55e38359-61a6-413b-a839-731d8a567879'::uuid,'2795d4dc-d70d-4e60-9454-1a038f7e08c2'::uuid,'9d93adb9-4a93-4e26-998c-26349d9932a8'::uuid,decode('03040506','hex'),4,16),
	 ('55e38359-61a6-413b-a839-731d8a567879'::uuid,'30cddbf8-b3e0-4ef7-8bc3-e08b015bef3d'::uuid,'9d93adb9-4a93-4e26-998c-26349d9932a8'::uuid,decode('03040506','hex'),8,16),
	 ('55e38359-61a6-413b-a839-731d8a567879'::uuid,'45cb86f3-c209-40e5-91e3-d50b5ab5d366'::uuid,'9d93adb9-4a93-4e26-998c-26349d9932a8'::uuid,decode('03040506','hex'),12,16),
	 ('63fb44b6-4fca-4054-b5d5-fbcafcfe3a97'::uuid,'1b26d35b-0969-4246-b3d9-50468837c2cc'::uuid,'9d93adb9-4a93-4e26-998c-26349d9932a8'::uuid,decode('03040506','hex'),0,24),
	 ('63fb44b6-4fca-4054-b5d5-fbcafcfe3a97'::uuid,'231abe3a-f277-4897-8f62-0d0a0e0bc2ae'::uuid,'9d93adb9-4a93-4e26-998c-26349d9932a8'::uuid,decode('03040506','hex'),4,24),
	 ('63fb44b6-4fca-4054-b5d5-fbcafcfe3a97'::uuid,'328f0caf-c604-4d2e-bb5b-5255b7e95c2b'::uuid,'9d93adb9-4a93-4e26-998c-26349d9932a8'::uuid,decode('03040506','hex'),8,24),
	 ('63fb44b6-4fca-4054-b5d5-fbcafcfe3a97'::uuid,'4cfc445a-bee7-44c1-a4b0-4535023e79a8'::uuid,'9d93adb9-4a93-4e26-998c-26349d9932a8'::uuid,decode('03040506','hex'),12,24),
	 ('63fb44b6-4fca-4054-b5d5-fbcafcfe3a97'::uuid,'5d66bb3c-56cc-4d1d-b2a6-0e503a23b366'::uuid,'9d93adb9-4a93-4e26-998c-26349d9932a8'::uuid,decode('03040506','hex'),16,24),
	 ('63fb44b6-4fca-4054-b5d5-fbcafcfe3a97'::uuid,'6612e884-b7b5-494a-b69b-2fa654ca7af0'::uuid,'9d93adb9-4a93-4e26-998c-26349d9932a8'::uuid,decode('03040506','hex'),20,24),
	 ('76786be7-dd6f-41f6-8d19-3fd705360df2'::uuid,'135aac87-476e-4cd2-aaad-399a7f40be8e'::uuid,'9d93adb9-4a93-4e26-998c-26349d9932a8'::uuid,decode('03040506','hex'),0,24),
	 ('76786be7-dd6f-41f6-8d19-3fd705360df2'::uuid,'24933970-cd1f-4b00-b54f-d6e458cc113c'::uuid,'9d93adb9-4a93-4e26-998c-26349d9932a8'::uuid,decode('03040506','hex'),4,24),
	 ('76786be7-dd6f-41f6-8d19-3fd705360df2'::uuid,'35216458-55d8-4d8d-97ba-dd72a1f9eb9f'::uuid,'9d93adb9-4a93-4e26-998c-26349d9932a8'::uuid,decode('03040506','hex'),8,24),
	 ('76786be7-dd6f-41f6-8d19-3fd705360df2'::uuid,'4d6cdbfa-4d88-416c-b01f-628cea391ec0'::uuid,'9d93adb9-4a93-4e26-998c-26349d9932a8'::uuid,decode('03040506','hex'),12,24),
	 ('76786be7-dd6f-41f6-8d19-3fd705360df2'::uuid,'55433952-6358-4573-aa32-a46e8b02978c'::uuid,'9d93adb9-4a93-4e26-998c-26349d9932a8'::uuid,decode('03040506','hex'),16,24),
	 ('76786be7-dd6f-41f6-8d19-3fd705360df2'::uuid,'6ce61151-5287-4c43-ad80-0ec69f6a3d09'::uuid,'9d93adb9-4a93-4e26-998c-26349d9932a8'::uuid,decode('03040506','hex'),20,24),
	 ('809b5403-eedc-4c0a-b618-b35cf51a8ad3'::uuid,'1d8f571a-9651-425f-92a1-aee7f02c97d4'::uuid,'9d93adb9-4a93-4e26-998c-26349d9932a8'::uuid,decode('03040506','hex'),0,24),
	 ('809b5403-eedc-4c0a-b618-b35cf51a8ad3'::uuid,'2d4d2177-0c39-4ead-ac8b-f38494dcdf34'::uuid,'9d93adb9-4a93-4e26-998c-26349d9932a8'::uuid,decode('03040506','hex'),4,24),
	 ('809b5403-eedc-4c0a-b618-b35cf51a8ad3'::uuid,'30af9f9b-2002-4b62-a91b-7b08ee2d489f'::uuid,'9d93adb9-4a93-4e26-998c-26349d9932a8'::uuid,decode('03040506','hex'),8,24),
	 ('809b5403-eedc-4c0a-b618-b35cf51a8ad3'::uuid,'4dba9ad8-29f9-4d6f-bac4-6061bd48351e'::uuid,'9d93adb9-4a93-4e26-998c-26349d9932a8'::uuid,decode('03040506','hex'),12,24),
	 ('809b5403-eedc-4c0a-b618-b35cf51a8ad3'::uuid,'562c9a89-98c2-4c12-a15b-7ef485e53b60'::uuid,'9d93adb9-4a93-4e26-998c-26349d9932a8'::uuid,decode('03040506','hex'),16,24),
	 ('809b5403-eedc-4c0a-b618-b35cf51a8ad3'::uuid,'654e8f0a-6934-4dfe-a9c8-c98281c931fa'::uuid,'9d93adb9-4a93-4e26-998c-26349d9932a8'::uuid,decode('03040506','hex'),20,24),
	 ('9c97a1fe-92be-4743-81a6-cbd7f4fa7e19'::uuid,'15c07078-065a-4a31-b633-5e2c5b7d1919'::uuid,'9d93adb9-4a93-4e26-998c-26349d9932a8'::uuid,decode('03040506','hex'),0,24),
	 ('9c97a1fe-92be-4743-81a6-cbd7f4fa7e19'::uuid,'2e56a92f-4507-4346-9c39-227c68ee1060'::uuid,'9d93adb9-4a93-4e26-998c-26349d9932a8'::uuid,decode('03040506','hex'),4,24),
	 ('9c97a1fe-92be-4743-81a6-cbd7f4fa7e19'::uuid,'390bb2b1-0c1c-44b0-ba18-99972c6a5073'::uuid,'9d93adb9-4a93-4e26-998c-26349d9932a8'::uuid,decode('03040506','hex'),8,24),
	 ('9c97a1fe-92be-4743-81a6-cbd7f4fa7e19'::uuid,'4f0a392b-7dec-469f-ba40-b4ad282b5107'::uuid,'9d93adb9-4a93-4e26-998c-26349d9932a8'::uuid,decode('03040506','hex'),12,24),
	 ('9c97a1fe-92be-4743-81a6-cbd7f4fa7e19'::uuid,'57ab37ea-dff9-4c50-a041-d4336c29f0c7'::uuid,'9d93adb9-4a93-4e26-998c-26349d9932a8'::uuid,decode('03040506','hex'),16,24),
	 ('9c97a1fe-92be-4743-81a6-cbd7f4fa7e19'::uuid,'6e72f5df-670e-453f-8148-782719890dcc'::uuid,'9d93adb9-4a93-4e26-998c-26349d9932a8'::uuid,decode('03040506','hex'),20,24);
